{
    "train_losses": [
        0.2334707991682915,
        0.1952054110969191,
        0.17860138036452625,
        0.16555377433823326,
        0.15551857559093632,
        0.14829310683933414,
        0.14126853985530272,
        0.13454710841980996,
        0.13033140789815323,
        0.12731044242286896,
        0.1256000058242236,
        0.12357760436489373,
        0.1215358524395881,
        0.11984307657814083,
        0.11758262847771649,
        0.11665397168221103,
        0.11471596261526912,
        0.11399813002192169,
        0.1123585298903325,
        0.11119982414778708,
        0.11021444537085914,
        0.10920207743695289,
        0.10810229286226412,
        0.10660398460893492,
        0.10652300573944015,
        0.10524204614306992,
        0.10387357957547697,
        0.10309029180363662,
        0.10199219616485795,
        0.10197198770217884
    ],
    "val_losses": [
        0.4815339035529987,
        0.3253352837948053,
        0.3617975002547235,
        0.24087844085990479,
        0.19474569291119226,
        0.22326799446752912,
        0.2718747758621567,
        0.24838709523643923,
        0.19995038071119056,
        0.1332239296836658,
        0.14353258743284608,
        0.2279967832896709,
        0.1501049554696535,
        0.1352320737526104,
        0.26709231129087263,
        0.28462757212339757,
        0.13729569157828042,
        0.13859964654570972,
        0.373137986189566,
        0.3091383959028473,
        0.1817425645174815,
        0.6905297072127254,
        0.4082067025785801,
        0.2745631478011446,
        0.1267778790950356,
        0.3507651298462078,
        0.7637600684903038,
        3.211045891241746,
        4.072546255128569,
        0.17718549196779929
    ],
    "test_losses": [
        0.11397786344428665,
        0.10649295194635114,
        0.09453266916923153,
        0.10526350567352424,
        0.063317249176427,
        0.06742966753765217,
        0.07566386045327464,
        0.06627726931016421,
        0.0710100186536613,
        0.056910265634939505,
        0.05574197669341726,
        0.05857862210244808,
        0.056543741049697095,
        0.053014290238757734,
        0.05429553728803847,
        0.05476513978781052,
        0.05143830690135076,
        0.05180681934489787,
        0.05107283219695091,
        0.056408166632200905,
        0.04545652016418651,
        0.0519472332038347,
        0.05470521646795921,
        0.049224400278,
        0.0501674808272459,
        0.04731471221713186,
        0.04582361876964569,
        0.0619306401937332,
        0.050622991566519136,
        0.04692968418731273
    ],
    "train_f1s": [
        0.39888070874270537,
        0.4703519433776108,
        0.5719557374089254,
        0.43759316661870007,
        0.6173955577826625,
        0.6442500425469674,
        0.6600276413281495,
        0.70562874379433,
        0.6184738275013935,
        0.6949764852218627,
        0.740973208648879,
        0.7368543447113899,
        0.6954401731474928,
        0.7106367246168955,
        0.680670346918542,
        0.7272463383683628,
        0.7249008833943718,
        0.7290593939666921,
        0.7292517023041372,
        0.7499707319743267,
        0.7291861582199295,
        0.7143304859798906,
        0.7627926723410958,
        0.7889275184697565,
        0.7345731171751565,
        0.7720544979814364,
        0.7847992911681477,
        0.7744443705763365,
        0.7878968822535565,
        0.7756643541229966
    ],
    "val_f1s": [
        0.4040586253593658,
        0.46677341377181225,
        0.5657963101458336,
        0.4436629620009502,
        0.6203710996779167,
        0.6433897077159484,
        0.6488239407868922,
        0.7069585793437169,
        0.612847745481207,
        0.6850201027615136,
        0.735103214869253,
        0.7305686731010521,
        0.6949922791087785,
        0.702588630784804,
        0.6729750577774066,
        0.7117597908431837,
        0.7188371036705319,
        0.7161867567752481,
        0.7167732020414195,
        0.7387084294337988,
        0.7158304703099647,
        0.7035228751510467,
        0.7506467400790112,
        0.7691915483980413,
        0.7159247694375206,
        0.7456927574415891,
        0.7615015005040903,
        0.749870476970309,
        0.7597725735571812,
        0.7536128281932178
    ],
    "test_f1s": [
        0.3868272856683764,
        0.43529297704988124,
        0.5142176487351461,
        0.45347205730055307,
        0.5989888613921815,
        0.6124598426941398,
        0.6025544463023214,
        0.6271089542662399,
        0.6080856929258948,
        0.640722019420836,
        0.6874313186813187,
        0.6611772998673153,
        0.6519839517913258,
        0.6707833953253433,
        0.6648087294639019,
        0.6748750695175899,
        0.6913973221067397,
        0.6921280443292908,
        0.6599862758659031,
        0.6886103397504147,
        0.7285186344031641,
        0.6972382875018187,
        0.680296418528894,
        0.6847771805759707,
        0.6851096106074128,
        0.7241483581223772,
        0.7222999132972232,
        0.7021872012694826,
        0.6810177097996513,
        0.7168782141905874
    ],
    "best_thresholds": [
        0.2,
        0.26,
        0.38,
        0.42,
        0.46,
        0.58
    ]
}